{"cameraMode":{"drawMode":2,"name":"Shaded Wireframe","section":"Shading Mode"},"sceneLighting":true,"audioPlay":false,"sceneViewState":{"showFog":true,"showMaterialUpdate":false,"showSkybox":true,"showFlares":true,"showImageEffects":true,"showParticleSystems":true},"in2DMode":false,"pivot":{"x":10.011150360107422,"y":2.5821399688720705,"z":1.8978908061981202},"rotation":{"x":0.25832241773605349,"y":-0.1365230828523636,"z":0.0369044728577137,"w":0.955655038356781},"size":0.6407564878463745,"orthographic":false}