{"cameraMode":{"drawMode":2,"name":"Shaded Wireframe","section":"Shading Mode"},"sceneLighting":true,"audioPlay":false,"sceneViewState":{"showFog":true,"showMaterialUpdate":false,"showSkybox":true,"showFlares":true,"showImageEffects":true,"showParticleSystems":true},"in2DMode":false,"pivot":{"x":10.044218063354493,"y":2.6877567768096926,"z":1.8970849514007569},"rotation":{"x":0.11960269510746002,"y":-0.0425766296684742,"z":0.0051342579536139969,"w":0.9918976426124573},"size":0.3142114281654358,"orthographic":false}