{"cameraMode":{"drawMode":2,"name":"Shaded Wireframe","section":"Shading Mode"},"sceneLighting":false,"audioPlay":false,"sceneViewState":{"showFog":true,"showMaterialUpdate":false,"showSkybox":false,"showFlares":true,"showImageEffects":true,"showParticleSystems":true},"in2DMode":false,"pivot":{"x":0.6451670527458191,"y":0.30742770433425906,"z":0.10400000214576721},"rotation":{"x":0.06295018643140793,"y":0.016466092318296434,"z":-0.0010379620362073184,"w":0.997881293296814},"size":1.3171988725662232,"orthographic":false}